contract,last_trade,first_notice
2004UXK,2004-05-18,2004-05-18
2004UXM,2004-06-15,2004-06-15
2004UXN,2004-07-13,2004-07-13
2004UXQ,2004-08-17,2004-08-17
2004UXU,2004-09-14,2004-09-14
2004UXV,2004-10-12,2004-10-12
2004UXX,2004-11-16,2004-11-16
2005UXF,2005-01-18,2005-01-18
2005UXG,2005-02-15,2005-02-15
2005UXH,2005-03-15,2005-03-15
2005UXK,2005-05-17,2005-05-17
2005UXM,2005-06-14,2005-06-14
2005UXQ,2005-08-16,2005-08-16
2005UXV,2005-10-18,2005-10-18
2005UXX,2005-11-15,2005-11-15
2005UXZ,2005-12-20,2005-12-20
2006UXF,2006-01-17,2006-01-17
2006UXG,2006-02-14,2006-02-14
2006UXH,2006-03-21,2006-03-21
2006UXJ,2006-04-18,2006-04-18
2006UXK,2006-05-16,2006-05-16
2006UXM,2006-06-20,2006-06-20
2006UXN,2006-07-18,2006-07-18
2006UXQ,2006-08-15,2006-08-15
2006UXU,2006-09-19,2006-09-19
2006UXV,2006-10-17,2006-10-17
2006UXX,2006-11-14,2006-11-14
2006UXZ,2006-12-19,2006-12-19
2007UXF,2007-01-16,2007-01-16
2007UXG,2007-02-13,2007-02-13
2007UXH,2007-03-20,2007-03-20
2007UXJ,2007-04-17,2007-04-17
2007UXK,2007-05-15,2007-05-15
2007UXM,2007-06-19,2007-06-19
2007UXN,2007-07-17,2007-07-17
2007UXQ,2007-08-21,2007-08-21
2007UXU,2007-09-18,2007-09-18
2007UXV,2007-10-16,2007-10-16
2007UXX,2007-11-20,2007-11-20
2007UXZ,2007-12-18,2007-12-18
2008UXF,2008-01-15,2008-01-15
2008UXG,2008-02-15,2008-02-15
2008UXH,2008-03-18,2008-03-18
2008UXJ,2008-04-15,2008-04-15
2008UXK,2008-05-20,2008-05-20
2008UXM,2008-06-17,2008-06-17
2008UXN,2008-07-15,2008-07-15
2008UXQ,2008-08-19,2008-08-19
2008UXU,2008-09-16,2008-09-16
2008UXV,2008-10-21,2008-10-21
2008UXX,2008-11-18,2008-11-18
2008UXZ,2008-12-16,2008-12-16
2009UXF,2009-01-20,2009-01-21
2009UXG,2009-02-17,2009-02-17
2009UXH,2009-03-17,2009-03-17
2009UXJ,2009-04-14,2009-04-14
2009UXK,2009-05-19,2009-05-19
2009UXM,2009-06-16,2009-06-16
2009UXN,2009-07-21,2009-07-21
2009UXQ,2009-08-18,2009-08-18
2009UXU,2009-09-15,2009-09-15
2009UXV,2009-10-20,2009-10-20
2009UXX,2009-11-17,2009-11-17
2009UXZ,2009-12-15,2009-12-15
2010UXF,2010-01-19,2010-01-19
2010UXG,2010-02-16,2010-02-16
2010UXH,2010-03-16,2010-03-16
2010UXJ,2010-04-20,2010-04-20
2010UXK,2010-05-18,2010-05-18
2010UXM,2010-06-15,2010-06-15
2010UXN,2010-07-20,2010-07-20
2010UXQ,2010-08-17,2010-08-17
2010UXU,2010-09-14,2010-09-14
2010UXV,2010-10-19,2010-10-19
2010UXX,2010-11-16,2010-11-16
2010UXZ,2010-12-21,2010-12-21
2011UXF,2011-01-18,2011-01-18
2011UXG,2011-02-15,2011-02-15
2011UXH,2011-03-15,2011-03-15
2011UXJ,2011-04-19,2011-04-19
2011UXK,2011-05-17,2011-05-17
2011UXM,2011-06-14,2011-06-14
2011UXN,2011-07-19,2011-07-19
2011UXQ,2011-08-16,2011-08-16
2011UXU,2011-09-20,2011-09-20
2011UXV,2011-10-18,2011-10-18
2011UXX,2011-11-15,2011-11-15
2011UXZ,2011-12-20,2011-12-20
2012UXF,2012-01-17,2012-01-17
2012UXG,2012-02-14,2012-02-14
2012UXH,2012-03-20,2012-03-20
2012UXJ,2012-04-17,2012-04-17
2012UXK,2012-05-15,2012-05-15
2012UXM,2012-06-19,2012-06-19
2012UXN,2012-07-17,2012-07-17
2012UXQ,2012-08-21,2012-08-21
2012UXU,2012-09-18,2012-09-18
2012UXV,2012-10-16,2012-10-16
2012UXX,2012-11-20,2012-11-20
2012UXZ,2012-12-18,2012-12-18
2013UXF,2013-01-15,2013-01-15
2013UXG,2013-02-12,2013-02-12
2013UXH,2013-03-19,2013-03-19
2013UXJ,2013-04-16,2013-04-16
2013UXK,2013-05-21,2013-05-21
2013UXM,2013-06-18,2013-06-18
2013UXN,2013-07-16,2013-07-16
2013UXQ,2013-08-20,2013-08-20
2013UXU,2013-09-17,2013-09-17
2013UXV,2013-10-15,2013-10-15
2013UXX,2013-11-19,2013-11-19
2013UXZ,2013-12-17,2013-12-17
2014UXF,2014-01-21,2014-01-21
2014UXG,2014-02-18,2014-02-18
2014UXH,2014-03-17,2014-03-17
2014UXJ,2014-04-15,2014-04-15
2014UXK,2014-05-20,2014-05-20
2014UXM,2014-06-17,2014-06-17
2014UXN,2014-07-15,2014-07-15
2014UXQ,2014-08-19,2014-08-19
2014UXU,2014-09-16,2014-09-17
2014UXV,2014-10-21,2014-10-22
2014UXX,2014-11-19,2014-11-19
2014UXZ,2014-12-17,2014-12-17
2015UXF,2015-01-21,2015-01-21
2015UXG,2015-02-18,2015-02-18
2015UXH,2015-03-18,2015-03-18
2015UXJ,2015-04-15,2015-04-15
2015UXK,2015-05-20,2015-05-20
2015UXM,2015-06-17,2015-06-17
2015UXN,2015-07-22,2015-07-22
2015UXQ,2015-08-19,2015-08-19
2015UXU,2015-09-16,2015-09-16
2015UXV,2015-10-21,2015-10-21
2015UXX,2015-11-18,2015-11-18
2015UXZ,2015-12-16,2015-12-16
2016UXF,2016-01-20,2016-01-20
2016UXG,2016-02-17,2016-02-17
2016UXH,2016-03-16,2016-03-16
2016UXJ,2016-04-20,2016-04-20
2016UXK,2016-05-18,2016-05-18
2016UXM,2016-06-15,2016-06-15
2016UXN,2016-07-20,2016-07-20
2016UXQ,2016-08-17,2016-08-17
2016UXU,2016-09-21,2016-09-21
2016UXV,2016-10-19,2016-10-19
2016UXX,2016-11-16,2016-11-16
2016UXZ,2016-12-21,2016-12-21
2017UXF,2017-01-18,2017-01-18
2017UXG,2017-02-15,2017-02-15
2017UXH,2017-03-22,2017-03-22
2017UXJ,2017-04-19,2017-04-19
2017UXK,2017-05-17,2017-05-17
2017UXM,2017-06-21,2017-06-21
2017UXN,2017-07-19,2017-07-19
2017UXQ,2017-08-16,2017-08-16
2017UXU,2017-09-20,2017-09-20
2017UXV,2017-10-18,2017-10-18
2017UXX,2017-11-15,2017-11-15
2017UXZ,2017-12-20,2017-12-20
